-- T_MENU
-- DELETE
set SQL_SAFE_UPDATES=0;

delete from t_menu;

commit;

-- INSERT
INSERT INTO T_MENU (MENU_ID, MENU_LVL, MENU_NM, PARMENU_ID, FSTIMGPATH, WEB_LINK, DISPLAYSEQ, USEYN, ALLOWED_UTYPE, MENU_TYPE) VALUES ('010000', '1', 'NEWS', '', 'images/common/left_m1.gif', 'boardMainView.do?jsp=board/boardMain&selectedMenu=010000', '1', 'Y', 'ALL', 'ALL');
INSERT INTO T_MENU (MENU_ID, MENU_LVL, MENU_NM, PARMENU_ID, FSTIMGPATH, WEB_LINK, DISPLAYSEQ, USEYN, ALLOWED_UTYPE, MENU_TYPE) VALUES ('010100', '2', '공지사항', '010000', '', 'boardListView.do?jsp=board/board&category=010100', '1', 'Y', 'ALL', 'ALL');
INSERT INTO T_MENU (MENU_ID, MENU_LVL, MENU_NM, PARMENU_ID, FSTIMGPATH, WEB_LINK, DISPLAYSEQ, USEYN, ALLOWED_UTYPE, MENU_TYPE) VALUES ('010200', '2', '쿠폰경매', '010000', '', 'boardListView.do?jsp=board/board&category=010200', '2', 'Y', 'ALL', 'ALL');
INSERT INTO T_MENU (MENU_ID, MENU_LVL, MENU_NM, PARMENU_ID, FSTIMGPATH, WEB_LINK, DISPLAYSEQ, USEYN, ALLOWED_UTYPE, MENU_TYPE) VALUES ('010300', '2', '새소식', '010000', '', 'boardListView.do?jsp=board/board&category=010300', '3', 'Y', 'ALL', 'ALL');
INSERT INTO T_MENU (MENU_ID, MENU_LVL, MENU_NM, PARMENU_ID, FSTIMGPATH, WEB_LINK, DISPLAYSEQ, USEYN, ALLOWED_UTYPE, MENU_TYPE) VALUES ('020000', '1', '업소정보', '', 'images/common/left_m2.gif', 'boardMainView.do?jsp=board/boardMain&selectedMenu=020000', '2', 'Y', 'ALL', 'ALL');
INSERT INTO T_MENU (MENU_ID, MENU_LVL, MENU_NM, PARMENU_ID, FSTIMGPATH, WEB_LINK, DISPLAYSEQ, USEYN, ALLOWED_UTYPE, MENU_TYPE) VALUES ('020100', '2', '오피', '020000', '', 'boardListView.do?jsp=board/board&category=020100', '1', 'Y', 'ALL', 'ALL');
INSERT INTO T_MENU (MENU_ID, MENU_LVL, MENU_NM, PARMENU_ID, FSTIMGPATH, WEB_LINK, DISPLAYSEQ, USEYN, ALLOWED_UTYPE, MENU_TYPE) VALUES ('020200', '2', '안마', '020000', '', 'boardListView.do?jsp=board/board&category=020200', '2', 'Y', 'ALL', 'ALL');
INSERT INTO T_MENU (MENU_ID, MENU_LVL, MENU_NM, PARMENU_ID, FSTIMGPATH, WEB_LINK, DISPLAYSEQ, USEYN, ALLOWED_UTYPE, MENU_TYPE) VALUES ('020300', '2', '휴게,대떡', '020000', '', 'boardListView.do?jsp=board/board&category=020300', '3', 'Y', 'ALL', 'ALL');
INSERT INTO T_MENU (MENU_ID, MENU_LVL, MENU_NM, PARMENU_ID, FSTIMGPATH, WEB_LINK, DISPLAYSEQ, USEYN, ALLOWED_UTYPE, MENU_TYPE) VALUES ('020400', '2', '건마', '020000', '', 'boardListView.do?jsp=board/board&category=020400', '4', 'Y', 'ALL', 'ALL');
INSERT INTO T_MENU (MENU_ID, MENU_LVL, MENU_NM, PARMENU_ID, FSTIMGPATH, WEB_LINK, DISPLAYSEQ, USEYN, ALLOWED_UTYPE, MENU_TYPE) VALUES ('020500', '2', '립카페', '020000', '', 'boardListView.do?jsp=board/board&category=020500', '5', 'Y', 'ALL', 'ALL');
INSERT INTO T_MENU (MENU_ID, MENU_LVL, MENU_NM, PARMENU_ID, FSTIMGPATH, WEB_LINK, DISPLAYSEQ, USEYN, ALLOWED_UTYPE, MENU_TYPE) VALUES ('020600', '2', '핸플', '020000', '', 'boardListView.do?jsp=board/board&category=020600', '6', 'Y', 'ALL', 'ALL');
INSERT INTO T_MENU (MENU_ID, MENU_LVL, MENU_NM, PARMENU_ID, FSTIMGPATH, WEB_LINK, DISPLAYSEQ, USEYN, ALLOWED_UTYPE, MENU_TYPE) VALUES ('020700', '2', '키스방', '020000', '', 'boardListView.do?jsp=board/board&category=020700', '7', 'Y', 'ALL', 'ALL');
INSERT INTO T_MENU (MENU_ID, MENU_LVL, MENU_NM, PARMENU_ID, FSTIMGPATH, WEB_LINK, DISPLAYSEQ, USEYN, ALLOWED_UTYPE, MENU_TYPE) VALUES ('020800', '2', '주점', '020000', '', 'boardListView.do?jsp=board/board&category=020800', '7', 'Y', 'ALL', 'ALL');
INSERT INTO T_MENU (MENU_ID, MENU_LVL, MENU_NM, PARMENU_ID, FSTIMGPATH, WEB_LINK, DISPLAYSEQ, USEYN, ALLOWED_UTYPE, MENU_TYPE) VALUES ('020900', '2', '기타', '020000', '', 'boardListView.do?jsp=board/board&category=020900', '7', 'Y', 'ALL', 'ALL');
INSERT INTO T_MENU (MENU_ID, MENU_LVL, MENU_NM, PARMENU_ID, FSTIMGPATH, WEB_LINK, DISPLAYSEQ, USEYN, ALLOWED_UTYPE, MENU_TYPE) VALUES ('030000', '1', '라인업', '', 'images/common/left_m3.gif', 'boardMainView.do?jsp=board/boardMain&selectedMenu=030000', '3', 'Y', 'ALL', 'ALL');
INSERT INTO T_MENU (MENU_ID, MENU_LVL, MENU_NM, PARMENU_ID, FSTIMGPATH, WEB_LINK, DISPLAYSEQ, USEYN, ALLOWED_UTYPE, MENU_TYPE) VALUES ('030100', '2', '오피', '030000', '', 'boardListView.do?jsp=board/board&category=030100', '1', 'Y', 'ALL', 'ALL');
INSERT INTO T_MENU (MENU_ID, MENU_LVL, MENU_NM, PARMENU_ID, FSTIMGPATH, WEB_LINK, DISPLAYSEQ, USEYN, ALLOWED_UTYPE, MENU_TYPE) VALUES ('030200', '2', '안마', '030000', '', 'boardListView.do?jsp=board/board&category=030200', '2', 'Y', 'ALL', 'ALL');
INSERT INTO T_MENU (MENU_ID, MENU_LVL, MENU_NM, PARMENU_ID, FSTIMGPATH, WEB_LINK, DISPLAYSEQ, USEYN, ALLOWED_UTYPE, MENU_TYPE) VALUES ('030300', '2', '휴게,대떡 ', '030000', '', 'boardListView.do?jsp=board/board&category=030300', '3', 'Y', 'ALL', 'ALL');
INSERT INTO T_MENU (MENU_ID, MENU_LVL, MENU_NM, PARMENU_ID, FSTIMGPATH, WEB_LINK, DISPLAYSEQ, USEYN, ALLOWED_UTYPE, MENU_TYPE) VALUES ('030400', '2', '건마', '030000', '', 'boardListView.do?jsp=board/board&category=030400', '4', 'Y', 'ALL', 'ALL');
INSERT INTO T_MENU (MENU_ID, MENU_LVL, MENU_NM, PARMENU_ID, FSTIMGPATH, WEB_LINK, DISPLAYSEQ, USEYN, ALLOWED_UTYPE, MENU_TYPE) VALUES ('030500', '2', '립카페', '030000', '', 'boardListView.do?jsp=board/board&category=030500', '5', 'Y', 'ALL', 'ALL');
INSERT INTO T_MENU (MENU_ID, MENU_LVL, MENU_NM, PARMENU_ID, FSTIMGPATH, WEB_LINK, DISPLAYSEQ, USEYN, ALLOWED_UTYPE, MENU_TYPE) VALUES ('030600', '2', '핸플', '030000', '', 'boardListView.do?jsp=board/board&category=030600', '6', 'Y', 'ALL', 'ALL');
INSERT INTO T_MENU (MENU_ID, MENU_LVL, MENU_NM, PARMENU_ID, FSTIMGPATH, WEB_LINK, DISPLAYSEQ, USEYN, ALLOWED_UTYPE, MENU_TYPE) VALUES ('030700', '2', '키스방', '030000', '', 'boardListView.do?jsp=board/board&category=030700', '7', 'Y', 'ALL', 'ALL');
INSERT INTO T_MENU (MENU_ID, MENU_LVL, MENU_NM, PARMENU_ID, FSTIMGPATH, WEB_LINK, DISPLAYSEQ, USEYN, ALLOWED_UTYPE, MENU_TYPE) VALUES ('030800', '2', '주점', '030000', '', 'boardListView.do?jsp=board/board&category=030800', '7', 'Y', 'ALL', 'ALL');
INSERT INTO T_MENU (MENU_ID, MENU_LVL, MENU_NM, PARMENU_ID, FSTIMGPATH, WEB_LINK, DISPLAYSEQ, USEYN, ALLOWED_UTYPE, MENU_TYPE) VALUES ('030900', '2', '기타', '030000', '', 'boardListView.do?jsp=board/board&category=030900', '7', 'Y', 'ALL', 'ALL');
INSERT INTO T_MENU (MENU_ID, MENU_LVL, MENU_NM, PARMENU_ID, FSTIMGPATH, WEB_LINK, DISPLAYSEQ, USEYN, ALLOWED_UTYPE, MENU_TYPE) VALUES ('040000', '1', '후기', '', 'images/common/left_m4.gif', 'boardMainView.do?jsp=board/boardMain&selectedMenu=040000', '4', 'Y', 'ALL', 'ALL');
INSERT INTO T_MENU (MENU_ID, MENU_LVL, MENU_NM, PARMENU_ID, FSTIMGPATH, WEB_LINK, DISPLAYSEQ, USEYN, ALLOWED_UTYPE, MENU_TYPE) VALUES ('040100', '2', '오피', '040000', '', 'boardListView.do?jsp=board/board&category=040100', '1', 'Y', 'ALL', 'ALL');
INSERT INTO T_MENU (MENU_ID, MENU_LVL, MENU_NM, PARMENU_ID, FSTIMGPATH, WEB_LINK, DISPLAYSEQ, USEYN, ALLOWED_UTYPE, MENU_TYPE) VALUES ('040200', '2', '안마', '040000', '', 'boardListView.do?jsp=board/board&category=040200', '2', 'Y', 'ALL', 'ALL');
INSERT INTO T_MENU (MENU_ID, MENU_LVL, MENU_NM, PARMENU_ID, FSTIMGPATH, WEB_LINK, DISPLAYSEQ, USEYN, ALLOWED_UTYPE, MENU_TYPE) VALUES ('040300', '2', '휴게,대떡', '040000', '', 'boardListView.do?jsp=board/board&category=040300', '3', 'Y', 'ALL', 'ALL');
INSERT INTO T_MENU (MENU_ID, MENU_LVL, MENU_NM, PARMENU_ID, FSTIMGPATH, WEB_LINK, DISPLAYSEQ, USEYN, ALLOWED_UTYPE, MENU_TYPE) VALUES ('040400', '2', '건마', '040000', '', 'boardListView.do?jsp=board/board&category=040400', '4', 'Y', 'ALL', 'ALL');
INSERT INTO T_MENU (MENU_ID, MENU_LVL, MENU_NM, PARMENU_ID, FSTIMGPATH, WEB_LINK, DISPLAYSEQ, USEYN, ALLOWED_UTYPE, MENU_TYPE) VALUES ('040500', '2', '립카페', '040000', '', 'boardListView.do?jsp=board/board&category=040500', '5', 'Y', 'ALL', 'ALL');
INSERT INTO T_MENU (MENU_ID, MENU_LVL, MENU_NM, PARMENU_ID, FSTIMGPATH, WEB_LINK, DISPLAYSEQ, USEYN, ALLOWED_UTYPE, MENU_TYPE) VALUES ('040600', '2', '핸플', '040000', '', 'boardListView.do?jsp=board/board&category=040600', '6', 'Y', 'ALL', 'ALL');
INSERT INTO T_MENU (MENU_ID, MENU_LVL, MENU_NM, PARMENU_ID, FSTIMGPATH, WEB_LINK, DISPLAYSEQ, USEYN, ALLOWED_UTYPE, MENU_TYPE) VALUES ('040700', '2', '키스방', '040000', '', 'boardListView.do?jsp=board/board&category=040700', '7', 'Y', 'ALL', 'ALL');
INSERT INTO T_MENU (MENU_ID, MENU_LVL, MENU_NM, PARMENU_ID, FSTIMGPATH, WEB_LINK, DISPLAYSEQ, USEYN, ALLOWED_UTYPE, MENU_TYPE) VALUES ('040800', '2', '주점', '040000', '', 'boardListView.do?jsp=board/board&category=040800', '7', 'Y', 'ALL', 'ALL');
INSERT INTO T_MENU (MENU_ID, MENU_LVL, MENU_NM, PARMENU_ID, FSTIMGPATH, WEB_LINK, DISPLAYSEQ, USEYN, ALLOWED_UTYPE, MENU_TYPE) VALUES ('040900', '2', '기타', '040000', '', 'boardListView.do?jsp=board/board&category=040900', '7', 'Y', 'ALL', 'ALL');
INSERT INTO T_MENU (MENU_ID, MENU_LVL, MENU_NM, PARMENU_ID, FSTIMGPATH, WEB_LINK, DISPLAYSEQ, USEYN, ALLOWED_UTYPE, MENU_TYPE) VALUES ('050000', '1', '커뮤니티', '', 'images/common/left_m5.gif', 'boardMainView.do?jsp=board/boardMain&selectedMenu=050000', '5', 'Y', 'ALL', 'ALL');
INSERT INTO T_MENU (MENU_ID, MENU_LVL, MENU_NM, PARMENU_ID, FSTIMGPATH, WEB_LINK, DISPLAYSEQ, USEYN, ALLOWED_UTYPE, MENU_TYPE) VALUES ('050100', '2', '자유게시판 ', '050000', '', 'boardListView.do?jsp=board/board&category=050100', '1', 'Y', 'ALL', 'ALL');
INSERT INTO T_MENU (MENU_ID, MENU_LVL, MENU_NM, PARMENU_ID, FSTIMGPATH, WEB_LINK, DISPLAYSEQ, USEYN, ALLOWED_UTYPE, MENU_TYPE) VALUES ('050200', '2', '유머 ', '050000', '', 'boardListView.do?jsp=board/board&category=050200', '2', 'Y', 'ALL', 'ALL');
INSERT INTO T_MENU (MENU_ID, MENU_LVL, MENU_NM, PARMENU_ID, FSTIMGPATH, WEB_LINK, DISPLAYSEQ, USEYN, ALLOWED_UTYPE, MENU_TYPE) VALUES ('050300', '2', '은꼴 ', '050000', '', 'boardListView.do?jsp=board/board&category=050300', '3', 'Y', 'ALL', 'ALL');
INSERT INTO T_MENU (MENU_ID, MENU_LVL, MENU_NM, PARMENU_ID, FSTIMGPATH, WEB_LINK, DISPLAYSEQ, USEYN, ALLOWED_UTYPE, MENU_TYPE) VALUES ('050400', '2', '미공개 실사 ', '050000', '', 'boardListView.do?jsp=board/board&category=050400', '4', 'Y', 'ALL', 'ALL');
INSERT INTO T_MENU (MENU_ID, MENU_LVL, MENU_NM, PARMENU_ID, FSTIMGPATH, WEB_LINK, DISPLAYSEQ, USEYN, ALLOWED_UTYPE, MENU_TYPE) VALUES ('050500', '2', '질문 답변 ', '050000', '', 'boardListView.do?jsp=board/board&category=050500', '5', 'Y', 'ALL', 'ALL');
INSERT INTO T_MENU (MENU_ID, MENU_LVL, MENU_NM, PARMENU_ID, FSTIMGPATH, WEB_LINK, DISPLAYSEQ, USEYN, ALLOWED_UTYPE, MENU_TYPE) VALUES ('050600', '2', '언니이동정보 ', '050000', '', 'boardListView.do?jsp=board/board&category=050600', '6', 'Y', 'ALL', 'ALL');
-- INSERT INTO T_MENU (MENU_ID, MENU_LVL, MENU_NM, PARMENU_ID, FSTIMGPATH, WEB_LINK, DISPLAYSEQ, USEYN, ALLOWED_UTYPE, MENU_TYPE) VALUES ('050700', '2', '신문고 ', '050000', '', 'boardListView.do?jsp=board/board&category=050700', '7', 'Y', 'ALL', 'ALL');
INSERT INTO T_MENU (MENU_ID, MENU_LVL, MENU_NM, PARMENU_ID, FSTIMGPATH, WEB_LINK, DISPLAYSEQ, USEYN, ALLOWED_UTYPE, MENU_TYPE) VALUES ('050800', '2', '언니들의 편지 ', '050000', '', 'boardListView.do?jsp=board/board&category=050800', '8', 'Y', 'ALL', 'ALL');
-- INSERT INTO T_MENU (MENU_ID, MENU_LVL, MENU_NM, PARMENU_ID, FSTIMGPATH, WEB_LINK, DISPLAYSEQ, USEYN, ALLOWED_UTYPE, MENU_TYPE) VALUES ('060000', '1', '이벤트', '', 'images/common/left_m6.gif', 'boardMainView.do?jsp=board/boardMain&selectedMenu=060000', '6', 'Y', 'ALL', 'ALL');
INSERT INTO T_MENU (MENU_ID, MENU_LVL, MENU_NM, PARMENU_ID, FSTIMGPATH, WEB_LINK, DISPLAYSEQ, USEYN, ALLOWED_UTYPE, MENU_TYPE) VALUES ('070000', '1', '놀이터', '', 'images/common/left_m7.gif', 'jspView.do?jsp=playcenter/main&menuid=070000', '7', 'Y', 'ALL', 'ALL');
INSERT INTO T_MENU (MENU_ID, MENU_LVL, MENU_NM, PARMENU_ID, FSTIMGPATH, WEB_LINK, DISPLAYSEQ, USEYN, ALLOWED_UTYPE, MENU_TYPE) VALUES ('080000', '1', '화류센터', '', 'images/common/left_m8.gif', 'boardMainView.do?jsp=board/boardMain&selectedMenu=080000', '8', 'Y', 'ALL', 'ALL');
-- INSERT INTO T_MENU (MENU_ID, MENU_LVL, MENU_NM, PARMENU_ID, FSTIMGPATH, WEB_LINK, DISPLAYSEQ, USEYN, ALLOWED_UTYPE, MENU_TYPE) VALUES ('080100', '2', '블랙게시판', '080000', '', 'blackUserList.do?jsp=board/blackUserList&category=080100', '1', 'Y', 'ALL', 'ALL');
INSERT INTO T_MENU (MENU_ID, MENU_LVL, MENU_NM, PARMENU_ID, FSTIMGPATH, WEB_LINK, DISPLAYSEQ, USEYN, ALLOWED_UTYPE, MENU_TYPE) VALUES ('080200', '2', '회원검색', '080000', '', 'userSearch.do?jsp=userInfo/userSearchList&category=080200', '2', 'Y', 'ALL', 'ALL');
INSERT INTO T_MENU (MENU_ID, MENU_LVL, MENU_NM, PARMENU_ID, FSTIMGPATH, WEB_LINK, DISPLAYSEQ, USEYN, ALLOWED_UTYPE, MENU_TYPE) VALUES ('080300', '2', '제휴문의', '080000', '', 'boardListView.do?jsp=board/board&category=080300', '3', 'Y', 'ALL', 'ALL');
-- INSERT INTO T_MENU (MENU_ID, MENU_LVL, MENU_NM, PARMENU_ID, FSTIMGPATH, WEB_LINK, DISPLAYSEQ, USEYN, ALLOWED_UTYPE, MENU_TYPE) VALUES ('080400', '2', '이중닉신고상담', '080000', '', 'boardListView.do?jsp=board/board&category=080400', '4', 'Y', 'ALL', 'ALL');
INSERT INTO T_MENU (MENU_ID, MENU_LVL, MENU_NM, PARMENU_ID, FSTIMGPATH, WEB_LINK, DISPLAYSEQ, USEYN, ALLOWED_UTYPE, MENU_TYPE) VALUES ('080500', '2', '운영자상담', '080000', '', 'boardListView.do?jsp=board/board&category=080500', '5', 'Y', 'ALL', 'ALL');
INSERT INTO T_MENU (MENU_ID, MENU_LVL, MENU_NM, PARMENU_ID, FSTIMGPATH, WEB_LINK, DISPLAYSEQ, USEYN, ALLOWED_UTYPE, MENU_TYPE) VALUES ('080600', '2', '구인구직', '080000', '', 'boardListView.do?jsp=board/board&category=080600', '6', 'Y', 'ALL', 'ALL');
INSERT INTO T_MENU (MENU_ID, MENU_LVL, MENU_NM, PARMENU_ID, FSTIMGPATH, WEB_LINK, DISPLAYSEQ, USEYN, ALLOWED_UTYPE, MENU_TYPE) VALUES ('090000', '1', '시스템관리', '', 'images/common/left_m9.gif', 'userInfoList.do?jsp=system/userInfoList&category=090100', '9', 'Y', 'ALL', 'ALL');
INSERT INTO T_MENU (MENU_ID, MENU_LVL, MENU_NM, PARMENU_ID, FSTIMGPATH, WEB_LINK, DISPLAYSEQ, USEYN, ALLOWED_UTYPE, MENU_TYPE) VALUES ('090100', '2', '사용자관리', '090000', '', 'userInfoList.do?jsp=system/userInfoList&category=090100', '1', 'Y', 'ALL', 'ALL');
INSERT INTO T_MENU (MENU_ID, MENU_LVL, MENU_NM, PARMENU_ID, FSTIMGPATH, WEB_LINK, DISPLAYSEQ, USEYN, ALLOWED_UTYPE, MENU_TYPE) VALUES ('090200', '2', '메뉴관리', '090000', '', 'menuInfoList.do?jsp=system/menuInfoList&category=090200', '1', 'Y', 'ALL', 'ALL');
-- INSERT INTO T_MENU (MENU_ID, MENU_LVL, MENU_NM, PARMENU_ID, FSTIMGPATH, WEB_LINK, DISPLAYSEQ, USEYN, ALLOWED_UTYPE, MENU_TYPE) VALUES ('090300', '2', '회원별 메뉴권한', '090000', '', 'userMenuInfoList.do?jsp=system/userMenuInfoList&category=090300', '1', 'Y', 'ALL', 'ALL');
INSERT INTO T_MENU (MENU_ID, MENU_LVL, MENU_NM, PARMENU_ID, FSTIMGPATH, WEB_LINK, DISPLAYSEQ, USEYN, ALLOWED_UTYPE, MENU_TYPE) VALUES ('090400', '2', '메뉴기본권한', '090000', '', 'defaultMenuList.do?jsp=system/defaultMenuList&category=090400', '1', 'Y', 'ALL', 'ALL');
INSERT INTO T_MENU (MENU_ID, MENU_LVL, MENU_NM, PARMENU_ID, FSTIMGPATH, WEB_LINK, DISPLAYSEQ, USEYN, ALLOWED_UTYPE, MENU_TYPE) VALUES ('090500', '2', '포인트마스터', '090000', '', 'pointMasterList.do?jsp=system/pointMasterList&category=090500', '1', 'Y', 'ALL', 'ALL');
INSERT INTO T_MENU (MENU_ID, MENU_LVL, MENU_NM, PARMENU_ID, FSTIMGPATH, WEB_LINK, DISPLAYSEQ, USEYN, ALLOWED_UTYPE, MENU_TYPE) VALUES ('090600', '2', '로그인 기록', '090000', '', 'userLoginList.do?jsp=system/userLoginList&category=090600', '1', 'Y', 'ALL', 'ALL');
INSERT INTO T_MENU (MENU_ID, MENU_LVL, MENU_NM, PARMENU_ID, FSTIMGPATH, WEB_LINK, DISPLAYSEQ, USEYN, ALLOWED_UTYPE, MENU_TYPE) VALUES ('090700', '2', '배너,결제관리', '090000', '', 'userPaymentList.do?jsp=system/userPaymentList&category=090700', '1', 'Y', 'ALL', 'ALL');

COMMIT;

-- U_INFO
set SQL_SAFE_UPDATES=0;
delete from u_info;
INSERT INTO `u_info` (`SEQ_ID`, `NAME`,`ID`,`NIC`,`PASSWORD`,`EMAIL`,`POINT`,`TYPE_CODE`,`STATUS_CODE`,`REG_DATETIME`,`APPROVE_DATETIME`,`APPROVAL_USER_SEQ_ID`) VALUES (1, '마스터','admin','마스터','1qazxsw2','test@test.com',12341234,'M','A','2012-09-25',NULL,NULL);
commit;

-- T_MENU_ALLOC
set SQL_SAFE_UPDATES=0;
delete from t_menu_alloc;
commit;
INSERT INTO T_MENU_ALLOC (USER_SEQ_ID, MENU_ID) VALUES('1', '010000');
INSERT INTO T_MENU_ALLOC (USER_SEQ_ID, MENU_ID) VALUES('1', '010100');
INSERT INTO T_MENU_ALLOC (USER_SEQ_ID, MENU_ID) VALUES('1', '010200');
INSERT INTO T_MENU_ALLOC (USER_SEQ_ID, MENU_ID) VALUES('1', '010300');
INSERT INTO T_MENU_ALLOC (USER_SEQ_ID, MENU_ID) VALUES('1', '020000');
INSERT INTO T_MENU_ALLOC (USER_SEQ_ID, MENU_ID) VALUES('1', '020100');
INSERT INTO T_MENU_ALLOC (USER_SEQ_ID, MENU_ID) VALUES('1', '020200');
INSERT INTO T_MENU_ALLOC (USER_SEQ_ID, MENU_ID) VALUES('1', '020300');
INSERT INTO T_MENU_ALLOC (USER_SEQ_ID, MENU_ID) VALUES('1', '020400');
INSERT INTO T_MENU_ALLOC (USER_SEQ_ID, MENU_ID) VALUES('1', '020500');
INSERT INTO T_MENU_ALLOC (USER_SEQ_ID, MENU_ID) VALUES('1', '020600');
INSERT INTO T_MENU_ALLOC (USER_SEQ_ID, MENU_ID) VALUES('1', '020700');
INSERT INTO T_MENU_ALLOC (USER_SEQ_ID, MENU_ID) VALUES('1', '020800');
INSERT INTO T_MENU_ALLOC (USER_SEQ_ID, MENU_ID) VALUES('1', '020900');
INSERT INTO T_MENU_ALLOC (USER_SEQ_ID, MENU_ID) VALUES('1', '030000');
INSERT INTO T_MENU_ALLOC (USER_SEQ_ID, MENU_ID) VALUES('1', '030100');
INSERT INTO T_MENU_ALLOC (USER_SEQ_ID, MENU_ID) VALUES('1', '030200');
INSERT INTO T_MENU_ALLOC (USER_SEQ_ID, MENU_ID) VALUES('1', '030300');
INSERT INTO T_MENU_ALLOC (USER_SEQ_ID, MENU_ID) VALUES('1', '030400');
INSERT INTO T_MENU_ALLOC (USER_SEQ_ID, MENU_ID) VALUES('1', '030500');
INSERT INTO T_MENU_ALLOC (USER_SEQ_ID, MENU_ID) VALUES('1', '030600');
INSERT INTO T_MENU_ALLOC (USER_SEQ_ID, MENU_ID) VALUES('1', '030700');
INSERT INTO T_MENU_ALLOC (USER_SEQ_ID, MENU_ID) VALUES('1', '030800');
INSERT INTO T_MENU_ALLOC (USER_SEQ_ID, MENU_ID) VALUES('1', '030900');
INSERT INTO T_MENU_ALLOC (USER_SEQ_ID, MENU_ID) VALUES('1', '040000');
INSERT INTO T_MENU_ALLOC (USER_SEQ_ID, MENU_ID) VALUES('1', '040100');
INSERT INTO T_MENU_ALLOC (USER_SEQ_ID, MENU_ID) VALUES('1', '040200');
INSERT INTO T_MENU_ALLOC (USER_SEQ_ID, MENU_ID) VALUES('1', '040300');
INSERT INTO T_MENU_ALLOC (USER_SEQ_ID, MENU_ID) VALUES('1', '040400');
INSERT INTO T_MENU_ALLOC (USER_SEQ_ID, MENU_ID) VALUES('1', '040500');
INSERT INTO T_MENU_ALLOC (USER_SEQ_ID, MENU_ID) VALUES('1', '040600');
INSERT INTO T_MENU_ALLOC (USER_SEQ_ID, MENU_ID) VALUES('1', '040700');
INSERT INTO T_MENU_ALLOC (USER_SEQ_ID, MENU_ID) VALUES('1', '040800');
INSERT INTO T_MENU_ALLOC (USER_SEQ_ID, MENU_ID) VALUES('1', '040900');
INSERT INTO T_MENU_ALLOC (USER_SEQ_ID, MENU_ID) VALUES('1', '050000');
INSERT INTO T_MENU_ALLOC (USER_SEQ_ID, MENU_ID) VALUES('1', '050100');
INSERT INTO T_MENU_ALLOC (USER_SEQ_ID, MENU_ID) VALUES('1', '050200');
INSERT INTO T_MENU_ALLOC (USER_SEQ_ID, MENU_ID) VALUES('1', '050300');
INSERT INTO T_MENU_ALLOC (USER_SEQ_ID, MENU_ID) VALUES('1', '050400');
INSERT INTO T_MENU_ALLOC (USER_SEQ_ID, MENU_ID) VALUES('1', '050500');
INSERT INTO T_MENU_ALLOC (USER_SEQ_ID, MENU_ID) VALUES('1', '050600');
INSERT INTO T_MENU_ALLOC (USER_SEQ_ID, MENU_ID) VALUES('1', '050700');
INSERT INTO T_MENU_ALLOC (USER_SEQ_ID, MENU_ID) VALUES('1', '050800');
INSERT INTO T_MENU_ALLOC (USER_SEQ_ID, MENU_ID) VALUES('1', '060000');
INSERT INTO T_MENU_ALLOC (USER_SEQ_ID, MENU_ID) VALUES('1', '070000');
INSERT INTO T_MENU_ALLOC (USER_SEQ_ID, MENU_ID) VALUES('1', '080000');
INSERT INTO T_MENU_ALLOC (USER_SEQ_ID, MENU_ID) VALUES('1', '080100');
INSERT INTO T_MENU_ALLOC (USER_SEQ_ID, MENU_ID) VALUES('1', '080200');
INSERT INTO T_MENU_ALLOC (USER_SEQ_ID, MENU_ID) VALUES('1', '080300');
INSERT INTO T_MENU_ALLOC (USER_SEQ_ID, MENU_ID) VALUES('1', '080400');
INSERT INTO T_MENU_ALLOC (USER_SEQ_ID, MENU_ID) VALUES('1', '080500');
INSERT INTO T_MENU_ALLOC (USER_SEQ_ID, MENU_ID) VALUES('1', '080600');
INSERT INTO T_MENU_ALLOC (USER_SEQ_ID, MENU_ID) VALUES('1', '090000');
INSERT INTO T_MENU_ALLOC (USER_SEQ_ID, MENU_ID) VALUES('1', '090100');
INSERT INTO T_MENU_ALLOC (USER_SEQ_ID, MENU_ID) VALUES('1', '090200');
INSERT INTO T_MENU_ALLOC (USER_SEQ_ID, MENU_ID) VALUES('1', '090300');
INSERT INTO T_MENU_ALLOC (USER_SEQ_ID, MENU_ID) VALUES('1', '090400');
INSERT INTO T_MENU_ALLOC (USER_SEQ_ID, MENU_ID) VALUES('1', '090500');
INSERT INTO T_MENU_ALLOC (USER_SEQ_ID, MENU_ID) VALUES('1', '090600');
INSERT INTO T_MENU_ALLOC (USER_SEQ_ID, MENU_ID) VALUES('1', '090700');
INSERT INTO T_MENU_ALLOC (USER_SEQ_ID, MENU_ID) VALUES('1', '090800');
INSERT INTO T_MENU_ALLOC (USER_SEQ_ID, MENU_ID) VALUES('1', '090900');
INSERT INTO T_MENU_ALLOC (USER_SEQ_ID, MENU_ID) VALUES('1', '091000');

COMMIT;

-- U_CLASS_INFO
set SQL_SAFE_UPDATES=0;
delete from U_CLASS_INFO;
commit;
INSERT INTO U_CLASS_INFO (CLASS_POINT, CLASS_ID, CLASS_TYPE_CODE, CLASS_IMG_PATH) VALUES('0', '탈영병', 'P', 'icon_level00.gif');
INSERT INTO U_CLASS_INFO (CLASS_POINT, CLASS_ID, CLASS_TYPE_CODE, CLASS_IMG_PATH) VALUES('500', '훈련병', 'P', 'icon_level01.gif');
INSERT INTO U_CLASS_INFO (CLASS_POINT, CLASS_ID, CLASS_TYPE_CODE, CLASS_IMG_PATH) VALUES('1000', '이병', 'P', 'icon_level02.gif');
INSERT INTO U_CLASS_INFO (CLASS_POINT, CLASS_ID, CLASS_TYPE_CODE, CLASS_IMG_PATH) VALUES('1500', '일병', 'P', 'icon_level03.gif');
INSERT INTO U_CLASS_INFO (CLASS_POINT, CLASS_ID, CLASS_TYPE_CODE, CLASS_IMG_PATH) VALUES('2000', '상병', 'P', 'icon_level04.gif');
INSERT INTO U_CLASS_INFO (CLASS_POINT, CLASS_ID, CLASS_TYPE_CODE, CLASS_IMG_PATH) VALUES('2500', '병장', 'P', 'icon_level05.gif');
-- INSERT INTO U_CLASS_INFO (CLASS_POINT, CLASS_ID, CLASS_TYPE_CODE, CLASS_IMG_PATH) VALUES('5000', '하사', 'P', 'icon_level06.gif');
-- INSERT INTO U_CLASS_INFO (CLASS_POINT, CLASS_ID, CLASS_TYPE_CODE, CLASS_IMG_PATH) VALUES('6000', '중사', 'P', 'icon_level07.gif');
-- INSERT INTO U_CLASS_INFO (CLASS_POINT, CLASS_ID, CLASS_TYPE_CODE, CLASS_IMG_PATH) VALUES('7000', '상사', 'P', 'icon_level08.gif');
-- INSERT INTO U_CLASS_INFO (CLASS_POINT, CLASS_ID, CLASS_TYPE_CODE, CLASS_IMG_PATH) VALUES('8000', '원사', 'P', 'icon_level09.gif');
INSERT INTO U_CLASS_INFO (CLASS_POINT, CLASS_ID, CLASS_TYPE_CODE, CLASS_IMG_PATH) VALUES('5000', '소위', 'P', 'icon_level10.gif');
INSERT INTO U_CLASS_INFO (CLASS_POINT, CLASS_ID, CLASS_TYPE_CODE, CLASS_IMG_PATH) VALUES('6500', '중위', 'P', 'icon_level11.gif');
INSERT INTO U_CLASS_INFO (CLASS_POINT, CLASS_ID, CLASS_TYPE_CODE, CLASS_IMG_PATH) VALUES('8000', '대위', 'P', 'icon_level12.gif');
INSERT INTO U_CLASS_INFO (CLASS_POINT, CLASS_ID, CLASS_TYPE_CODE, CLASS_IMG_PATH) VALUES('15000', '소령', 'P', 'icon_level13.gif');
INSERT INTO U_CLASS_INFO (CLASS_POINT, CLASS_ID, CLASS_TYPE_CODE, CLASS_IMG_PATH) VALUES('25000', '중령', 'P', 'icon_level14.gif');
INSERT INTO U_CLASS_INFO (CLASS_POINT, CLASS_ID, CLASS_TYPE_CODE, CLASS_IMG_PATH) VALUES('50000', '대령', 'P', 'icon_level15.gif');
INSERT INTO U_CLASS_INFO (CLASS_POINT, CLASS_ID, CLASS_TYPE_CODE, CLASS_IMG_PATH) VALUES('100000', '준장', 'P', 'icon_level16.gif');
INSERT INTO U_CLASS_INFO (CLASS_POINT, CLASS_ID, CLASS_TYPE_CODE, CLASS_IMG_PATH) VALUES('200000', '소장', 'P', 'icon_level17.gif');
INSERT INTO U_CLASS_INFO (CLASS_POINT, CLASS_ID, CLASS_TYPE_CODE, CLASS_IMG_PATH) VALUES('500000', '중장', 'P', 'icon_level18.gif');
INSERT INTO U_CLASS_INFO (CLASS_POINT, CLASS_ID, CLASS_TYPE_CODE, CLASS_IMG_PATH) VALUES('1000000', '대장', 'P', 'icon_level19.gif');
INSERT INTO U_CLASS_INFO (CLASS_POINT, CLASS_ID, CLASS_TYPE_CODE, CLASS_IMG_PATH) VALUES('10000000', '원수', 'P', 'icon_level20.gif');

INSERT INTO U_CLASS_INFO (CLASS_POINT, CLASS_ID, CLASS_TYPE_CODE, CLASS_IMG_PATH) VALUES('0', '탈영병',  'W', 'icon_girl_level00.gif');
INSERT INTO U_CLASS_INFO (CLASS_POINT, CLASS_ID, CLASS_TYPE_CODE, CLASS_IMG_PATH) VALUES('500', '훈련병',  'W', 'icon_girl_level01.gif');
INSERT INTO U_CLASS_INFO (CLASS_POINT, CLASS_ID, CLASS_TYPE_CODE, CLASS_IMG_PATH) VALUES('1000', '이병',  'W', 'icon_girl_level02.gif');
INSERT INTO U_CLASS_INFO (CLASS_POINT, CLASS_ID, CLASS_TYPE_CODE, CLASS_IMG_PATH) VALUES('1500', '일병',  'W', 'icon_girl_level03.gif');
INSERT INTO U_CLASS_INFO (CLASS_POINT, CLASS_ID, CLASS_TYPE_CODE, CLASS_IMG_PATH) VALUES('2000', '상병',  'W', 'icon_girl_level04.gif');
INSERT INTO U_CLASS_INFO (CLASS_POINT, CLASS_ID, CLASS_TYPE_CODE, CLASS_IMG_PATH) VALUES('2500', '병장',  'W', 'icon_girl_level05.gif');
-- INSERT INTO U_CLASS_INFO (CLASS_POINT, CLASS_ID, CLASS_TYPE_CODE, CLASS_IMG_PATH) VALUES('5000', '하사',  'W', 'icon_girl_level06.gif');
-- INSERT INTO U_CLASS_INFO (CLASS_POINT, CLASS_ID, CLASS_TYPE_CODE, CLASS_IMG_PATH) VALUES('6000', '중사',  'W', 'icon_girl_level07.gif');
-- INSERT INTO U_CLASS_INFO (CLASS_POINT, CLASS_ID, CLASS_TYPE_CODE, CLASS_IMG_PATH) VALUES('7000', '상사',  'W', 'icon_girl_level08.gif');
-- INSERT INTO U_CLASS_INFO (CLASS_POINT, CLASS_ID, CLASS_TYPE_CODE, CLASS_IMG_PATH) VALUES('8000', '원사',  'W', 'icon_girl_level09.gif');
INSERT INTO U_CLASS_INFO (CLASS_POINT, CLASS_ID, CLASS_TYPE_CODE, CLASS_IMG_PATH) VALUES('5000', '소위',  'W', 'icon_girl_level10.gif');
INSERT INTO U_CLASS_INFO (CLASS_POINT, CLASS_ID, CLASS_TYPE_CODE, CLASS_IMG_PATH) VALUES('6500', '중위',  'W', 'icon_girl_level11.gif');
INSERT INTO U_CLASS_INFO (CLASS_POINT, CLASS_ID, CLASS_TYPE_CODE, CLASS_IMG_PATH) VALUES('8000', '대위',  'W', 'icon_girl_level12.gif');
INSERT INTO U_CLASS_INFO (CLASS_POINT, CLASS_ID, CLASS_TYPE_CODE, CLASS_IMG_PATH) VALUES('15000', '소령',  'W', 'icon_girl_level13.gif');
INSERT INTO U_CLASS_INFO (CLASS_POINT, CLASS_ID, CLASS_TYPE_CODE, CLASS_IMG_PATH) VALUES('25000', '중령',  'W', 'icon_girl_level14.gif');
INSERT INTO U_CLASS_INFO (CLASS_POINT, CLASS_ID, CLASS_TYPE_CODE, CLASS_IMG_PATH) VALUES('50000', '대령',  'W', 'icon_girl_level15.gif');
INSERT INTO U_CLASS_INFO (CLASS_POINT, CLASS_ID, CLASS_TYPE_CODE, CLASS_IMG_PATH) VALUES('100000', '준장',  'W', 'icon_girl_level16.gif');
INSERT INTO U_CLASS_INFO (CLASS_POINT, CLASS_ID, CLASS_TYPE_CODE, CLASS_IMG_PATH) VALUES('200000', '소장',  'W', 'icon_girl_level17.gif');
INSERT INTO U_CLASS_INFO (CLASS_POINT, CLASS_ID, CLASS_TYPE_CODE, CLASS_IMG_PATH) VALUES('500000', '중장',  'W', 'icon_girl_level18.gif');
INSERT INTO U_CLASS_INFO (CLASS_POINT, CLASS_ID, CLASS_TYPE_CODE, CLASS_IMG_PATH) VALUES('1000000', '대장',  'W', 'icon_girl_level19.gif');
INSERT INTO U_CLASS_INFO (CLASS_POINT, CLASS_ID, CLASS_TYPE_CODE, CLASS_IMG_PATH) VALUES('10000000', '원수',  'W', 'icon_girl_level20.gif');

INSERT INTO U_CLASS_INFO (CLASS_POINT, CLASS_ID, CLASS_TYPE_CODE, CLASS_IMG_PATH) VALUES('0', '업소',  'B', 'icon_business_level_all.gif');
COMMIT;

-- T_POINT_MASTER
set SQL_SAFE_UPDATES=0;
delete from T_POINT_MASTER;
commit;
INSERT INTO T_POINT_MASTER (CATEGORY, ACTION_TYPE, USER_TYPE, POINT) (SELECT MENU_ID, 'READ', 'P', 0 FROM T_MENU);
INSERT INTO T_POINT_MASTER (CATEGORY, ACTION_TYPE, USER_TYPE, POINT) (SELECT MENU_ID, 'READ', 'B', 0 FROM T_MENU);
INSERT INTO T_POINT_MASTER (CATEGORY, ACTION_TYPE, USER_TYPE, POINT) (SELECT MENU_ID, 'READ', 'W', 0 FROM T_MENU);
INSERT INTO T_POINT_MASTER (CATEGORY, ACTION_TYPE, USER_TYPE, POINT) (SELECT MENU_ID, 'READ', 'A', 0 FROM T_MENU);
INSERT INTO T_POINT_MASTER (CATEGORY, ACTION_TYPE, USER_TYPE, POINT) (SELECT MENU_ID, 'READ', 'M', 0 FROM T_MENU);
INSERT INTO T_POINT_MASTER (CATEGORY, ACTION_TYPE, USER_TYPE, POINT) (SELECT MENU_ID, 'WRITE', 'P', 0 FROM T_MENU);
INSERT INTO T_POINT_MASTER (CATEGORY, ACTION_TYPE, USER_TYPE, POINT) (SELECT MENU_ID, 'WRITE', 'B', 0 FROM T_MENU);
INSERT INTO T_POINT_MASTER (CATEGORY, ACTION_TYPE, USER_TYPE, POINT) (SELECT MENU_ID, 'WRITE', 'W', 0 FROM T_MENU);
INSERT INTO T_POINT_MASTER (CATEGORY, ACTION_TYPE, USER_TYPE, POINT) (SELECT MENU_ID, 'WRITE', 'A', 0 FROM T_MENU);
INSERT INTO T_POINT_MASTER (CATEGORY, ACTION_TYPE, USER_TYPE, POINT) (SELECT MENU_ID, 'WRITE', 'M', 0 FROM T_MENU);
INSERT INTO T_POINT_MASTER (CATEGORY, ACTION_TYPE, USER_TYPE, POINT) (SELECT MENU_ID, 'UPDATE', 'P', 0 FROM T_MENU);
INSERT INTO T_POINT_MASTER (CATEGORY, ACTION_TYPE, USER_TYPE, POINT) (SELECT MENU_ID, 'UPDATE', 'B', 0 FROM T_MENU);
INSERT INTO T_POINT_MASTER (CATEGORY, ACTION_TYPE, USER_TYPE, POINT) (SELECT MENU_ID, 'UPDATE', 'W', 0 FROM T_MENU);
INSERT INTO T_POINT_MASTER (CATEGORY, ACTION_TYPE, USER_TYPE, POINT) (SELECT MENU_ID, 'UPDATE', 'A', 0 FROM T_MENU);
INSERT INTO T_POINT_MASTER (CATEGORY, ACTION_TYPE, USER_TYPE, POINT) (SELECT MENU_ID, 'UPDATE', 'M', 0 FROM T_MENU);
INSERT INTO T_POINT_MASTER (CATEGORY, ACTION_TYPE, USER_TYPE, POINT) (SELECT MENU_ID, 'DELETE', 'P', 0 FROM T_MENU);
INSERT INTO T_POINT_MASTER (CATEGORY, ACTION_TYPE, USER_TYPE, POINT) (SELECT MENU_ID, 'DELETE', 'B', 0 FROM T_MENU);
INSERT INTO T_POINT_MASTER (CATEGORY, ACTION_TYPE, USER_TYPE, POINT) (SELECT MENU_ID, 'DELETE', 'W', 0 FROM T_MENU);
INSERT INTO T_POINT_MASTER (CATEGORY, ACTION_TYPE, USER_TYPE, POINT) (SELECT MENU_ID, 'DELETE', 'A', 0 FROM T_MENU);
INSERT INTO T_POINT_MASTER (CATEGORY, ACTION_TYPE, USER_TYPE, POINT) (SELECT MENU_ID, 'DELETE', 'M', 0 FROM T_MENU);
-- login category.
INSERT INTO T_POINT_MASTER (CATEGORY, ACTION_TYPE, USER_TYPE, POINT) VALUES ('000000', 'READ', 'P', 2);
INSERT INTO T_POINT_MASTER (CATEGORY, ACTION_TYPE, USER_TYPE, POINT) VALUES ('000000', 'READ', 'B', 2);
INSERT INTO T_POINT_MASTER (CATEGORY, ACTION_TYPE, USER_TYPE, POINT) VALUES ('000000', 'READ', 'W', 2);
INSERT INTO T_POINT_MASTER (CATEGORY, ACTION_TYPE, USER_TYPE, POINT) VALUES ('000000', 'READ', 'A', 2);
INSERT INTO T_POINT_MASTER (CATEGORY, ACTION_TYPE, USER_TYPE, POINT) VALUES ('000000', 'READ', 'M', 2);

-- 업소정보 쓰기
UPDATE T_POINT_MASTER SET POINT = '500' WHERE CATEGORY = '020100' AND ACTION_TYPE = 'WRITE' AND USER_TYPE = 'B';
UPDATE T_POINT_MASTER SET POINT = '500' WHERE CATEGORY = '020200' AND ACTION_TYPE = 'WRITE' AND USER_TYPE = 'B';
UPDATE T_POINT_MASTER SET POINT = '500' WHERE CATEGORY = '020300' AND ACTION_TYPE = 'WRITE' AND USER_TYPE = 'B';
UPDATE T_POINT_MASTER SET POINT = '500' WHERE CATEGORY = '020400' AND ACTION_TYPE = 'WRITE' AND USER_TYPE = 'B';
UPDATE T_POINT_MASTER SET POINT = '500' WHERE CATEGORY = '020500' AND ACTION_TYPE = 'WRITE' AND USER_TYPE = 'B';
UPDATE T_POINT_MASTER SET POINT = '500' WHERE CATEGORY = '020600' AND ACTION_TYPE = 'WRITE' AND USER_TYPE = 'B';
UPDATE T_POINT_MASTER SET POINT = '500' WHERE CATEGORY = '020700' AND ACTION_TYPE = 'WRITE' AND USER_TYPE = 'B';
UPDATE T_POINT_MASTER SET POINT = '500' WHERE CATEGORY = '020800' AND ACTION_TYPE = 'WRITE' AND USER_TYPE = 'B';
UPDATE T_POINT_MASTER SET POINT = '500' WHERE CATEGORY = '020900' AND ACTION_TYPE = 'WRITE' AND USER_TYPE = 'B';
-- 라인업 쓰기
UPDATE T_POINT_MASTER SET POINT = '500' WHERE CATEGORY = '030100' AND ACTION_TYPE = 'WRITE' AND USER_TYPE = 'B';
UPDATE T_POINT_MASTER SET POINT = '500' WHERE CATEGORY = '030200' AND ACTION_TYPE = 'WRITE' AND USER_TYPE = 'B';
UPDATE T_POINT_MASTER SET POINT = '500' WHERE CATEGORY = '030300' AND ACTION_TYPE = 'WRITE' AND USER_TYPE = 'B';
UPDATE T_POINT_MASTER SET POINT = '500' WHERE CATEGORY = '030400' AND ACTION_TYPE = 'WRITE' AND USER_TYPE = 'B';
UPDATE T_POINT_MASTER SET POINT = '500' WHERE CATEGORY = '030500' AND ACTION_TYPE = 'WRITE' AND USER_TYPE = 'B';
UPDATE T_POINT_MASTER SET POINT = '500' WHERE CATEGORY = '030600' AND ACTION_TYPE = 'WRITE' AND USER_TYPE = 'B';
UPDATE T_POINT_MASTER SET POINT = '500' WHERE CATEGORY = '030700' AND ACTION_TYPE = 'WRITE' AND USER_TYPE = 'B';
UPDATE T_POINT_MASTER SET POINT = '500' WHERE CATEGORY = '030800' AND ACTION_TYPE = 'WRITE' AND USER_TYPE = 'B';
UPDATE T_POINT_MASTER SET POINT = '500' WHERE CATEGORY = '030900' AND ACTION_TYPE = 'WRITE' AND USER_TYPE = 'B';

-- 후기 쓰기
UPDATE T_POINT_MASTER SET POINT = '500' WHERE CATEGORY = '040100' AND ACTION_TYPE = 'WRITE' AND USER_TYPE = 'P';
UPDATE T_POINT_MASTER SET POINT = '500' WHERE CATEGORY = '040100' AND ACTION_TYPE = 'WRITE' AND USER_TYPE = 'A';
UPDATE T_POINT_MASTER SET POINT = '500' WHERE CATEGORY = '040100' AND ACTION_TYPE = 'WRITE' AND USER_TYPE = 'M';
UPDATE T_POINT_MASTER SET POINT = '500' WHERE CATEGORY = '040200' AND ACTION_TYPE = 'WRITE' AND USER_TYPE = 'P';
UPDATE T_POINT_MASTER SET POINT = '500' WHERE CATEGORY = '040200' AND ACTION_TYPE = 'WRITE' AND USER_TYPE = 'A';
UPDATE T_POINT_MASTER SET POINT = '500' WHERE CATEGORY = '040200' AND ACTION_TYPE = 'WRITE' AND USER_TYPE = 'M';
UPDATE T_POINT_MASTER SET POINT = '500' WHERE CATEGORY = '040300' AND ACTION_TYPE = 'WRITE' AND USER_TYPE = 'P';
UPDATE T_POINT_MASTER SET POINT = '500' WHERE CATEGORY = '040300' AND ACTION_TYPE = 'WRITE' AND USER_TYPE = 'A';
UPDATE T_POINT_MASTER SET POINT = '500' WHERE CATEGORY = '040300' AND ACTION_TYPE = 'WRITE' AND USER_TYPE = 'M';
UPDATE T_POINT_MASTER SET POINT = '500' WHERE CATEGORY = '040400' AND ACTION_TYPE = 'WRITE' AND USER_TYPE = 'P';
UPDATE T_POINT_MASTER SET POINT = '500' WHERE CATEGORY = '040400' AND ACTION_TYPE = 'WRITE' AND USER_TYPE = 'A';
UPDATE T_POINT_MASTER SET POINT = '500' WHERE CATEGORY = '040400' AND ACTION_TYPE = 'WRITE' AND USER_TYPE = 'M';
UPDATE T_POINT_MASTER SET POINT = '500' WHERE CATEGORY = '040500' AND ACTION_TYPE = 'WRITE' AND USER_TYPE = 'P';
UPDATE T_POINT_MASTER SET POINT = '500' WHERE CATEGORY = '040500' AND ACTION_TYPE = 'WRITE' AND USER_TYPE = 'A';
UPDATE T_POINT_MASTER SET POINT = '500' WHERE CATEGORY = '040500' AND ACTION_TYPE = 'WRITE' AND USER_TYPE = 'M';
UPDATE T_POINT_MASTER SET POINT = '500' WHERE CATEGORY = '040600' AND ACTION_TYPE = 'WRITE' AND USER_TYPE = 'P';
UPDATE T_POINT_MASTER SET POINT = '500' WHERE CATEGORY = '040600' AND ACTION_TYPE = 'WRITE' AND USER_TYPE = 'A';
UPDATE T_POINT_MASTER SET POINT = '500' WHERE CATEGORY = '040600' AND ACTION_TYPE = 'WRITE' AND USER_TYPE = 'M';
UPDATE T_POINT_MASTER SET POINT = '500' WHERE CATEGORY = '040700' AND ACTION_TYPE = 'WRITE' AND USER_TYPE = 'P';
UPDATE T_POINT_MASTER SET POINT = '500' WHERE CATEGORY = '040700' AND ACTION_TYPE = 'WRITE' AND USER_TYPE = 'A';
UPDATE T_POINT_MASTER SET POINT = '500' WHERE CATEGORY = '040700' AND ACTION_TYPE = 'WRITE' AND USER_TYPE = 'M';
UPDATE T_POINT_MASTER SET POINT = '500' WHERE CATEGORY = '040800' AND ACTION_TYPE = 'WRITE' AND USER_TYPE = 'P';
UPDATE T_POINT_MASTER SET POINT = '500' WHERE CATEGORY = '040800' AND ACTION_TYPE = 'WRITE' AND USER_TYPE = 'A';
UPDATE T_POINT_MASTER SET POINT = '500' WHERE CATEGORY = '040800' AND ACTION_TYPE = 'WRITE' AND USER_TYPE = 'M';
UPDATE T_POINT_MASTER SET POINT = '500' WHERE CATEGORY = '040900' AND ACTION_TYPE = 'WRITE' AND USER_TYPE = 'P';
UPDATE T_POINT_MASTER SET POINT = '500' WHERE CATEGORY = '040900' AND ACTION_TYPE = 'WRITE' AND USER_TYPE = 'A';
UPDATE T_POINT_MASTER SET POINT = '500' WHERE CATEGORY = '040900' AND ACTION_TYPE = 'WRITE' AND USER_TYPE = 'M';
-- 자게 쓰기
UPDATE T_POINT_MASTER SET POINT = '10' WHERE CATEGORY = '050100' AND ACTION_TYPE = 'WRITE' AND USER_TYPE = 'P';
UPDATE T_POINT_MASTER SET POINT = '10' WHERE CATEGORY = '050100' AND ACTION_TYPE = 'WRITE' AND USER_TYPE = 'A';
UPDATE T_POINT_MASTER SET POINT = '10' WHERE CATEGORY = '050100' AND ACTION_TYPE = 'WRITE' AND USER_TYPE = 'M';
UPDATE T_POINT_MASTER SET POINT = '10' WHERE CATEGORY = '050100' AND ACTION_TYPE = 'WRITE' AND USER_TYPE = 'W';
UPDATE T_POINT_MASTER SET POINT = '10' WHERE CATEGORY = '050100' AND ACTION_TYPE = 'WRITE' AND USER_TYPE = 'B';
-- 유머 쓰기
UPDATE T_POINT_MASTER SET POINT = '5' WHERE CATEGORY = '050200' AND ACTION_TYPE = 'WRITE' AND USER_TYPE = 'P';
UPDATE T_POINT_MASTER SET POINT = '5' WHERE CATEGORY = '050200' AND ACTION_TYPE = 'WRITE' AND USER_TYPE = 'A';
UPDATE T_POINT_MASTER SET POINT = '5' WHERE CATEGORY = '050200' AND ACTION_TYPE = 'WRITE' AND USER_TYPE = 'M';
UPDATE T_POINT_MASTER SET POINT = '5' WHERE CATEGORY = '050200' AND ACTION_TYPE = 'WRITE' AND USER_TYPE = 'W';
UPDATE T_POINT_MASTER SET POINT = '5' WHERE CATEGORY = '050200' AND ACTION_TYPE = 'WRITE' AND USER_TYPE = 'B';
-- 은꼴 쓰기
UPDATE T_POINT_MASTER SET POINT = '5' WHERE CATEGORY = '050300' AND ACTION_TYPE = 'WRITE' AND USER_TYPE = 'P';
UPDATE T_POINT_MASTER SET POINT = '5' WHERE CATEGORY = '050300' AND ACTION_TYPE = 'WRITE' AND USER_TYPE = 'A';
UPDATE T_POINT_MASTER SET POINT = '5' WHERE CATEGORY = '050300' AND ACTION_TYPE = 'WRITE' AND USER_TYPE = 'M';
UPDATE T_POINT_MASTER SET POINT = '5' WHERE CATEGORY = '050300' AND ACTION_TYPE = 'WRITE' AND USER_TYPE = 'W';
UPDATE T_POINT_MASTER SET POINT = '5' WHERE CATEGORY = '050300' AND ACTION_TYPE = 'WRITE' AND USER_TYPE = 'B';
-- 미공개실사 쓰기
UPDATE T_POINT_MASTER SET POINT = '100' WHERE CATEGORY = '050400' AND ACTION_TYPE = 'WRITE' AND USER_TYPE = 'P';
UPDATE T_POINT_MASTER SET POINT = '100' WHERE CATEGORY = '050400' AND ACTION_TYPE = 'WRITE' AND USER_TYPE = 'A';
UPDATE T_POINT_MASTER SET POINT = '100' WHERE CATEGORY = '050400' AND ACTION_TYPE = 'WRITE' AND USER_TYPE = 'M';
UPDATE T_POINT_MASTER SET POINT = '100' WHERE CATEGORY = '050400' AND ACTION_TYPE = 'WRITE' AND USER_TYPE = 'W';
UPDATE T_POINT_MASTER SET POINT = '100' WHERE CATEGORY = '050400' AND ACTION_TYPE = 'WRITE' AND USER_TYPE = 'B';
-- 질문/답변 쓰기
UPDATE T_POINT_MASTER SET POINT = '5' WHERE CATEGORY = '050500' AND ACTION_TYPE = 'WRITE' AND USER_TYPE = 'P';
UPDATE T_POINT_MASTER SET POINT = '5' WHERE CATEGORY = '050500' AND ACTION_TYPE = 'WRITE' AND USER_TYPE = 'A';
UPDATE T_POINT_MASTER SET POINT = '5' WHERE CATEGORY = '050500' AND ACTION_TYPE = 'WRITE' AND USER_TYPE = 'M';
UPDATE T_POINT_MASTER SET POINT = '5' WHERE CATEGORY = '050500' AND ACTION_TYPE = 'WRITE' AND USER_TYPE = 'W';
UPDATE T_POINT_MASTER SET POINT = '5' WHERE CATEGORY = '050500' AND ACTION_TYPE = 'WRITE' AND USER_TYPE = 'B';
-- 언니이동정보 쓰기
UPDATE T_POINT_MASTER SET POINT = '5' WHERE CATEGORY = '050600' AND ACTION_TYPE = 'WRITE' AND USER_TYPE = 'P';
UPDATE T_POINT_MASTER SET POINT = '5' WHERE CATEGORY = '050600' AND ACTION_TYPE = 'WRITE' AND USER_TYPE = 'A';
UPDATE T_POINT_MASTER SET POINT = '5' WHERE CATEGORY = '050600' AND ACTION_TYPE = 'WRITE' AND USER_TYPE = 'M';
UPDATE T_POINT_MASTER SET POINT = '5' WHERE CATEGORY = '050600' AND ACTION_TYPE = 'WRITE' AND USER_TYPE = 'W';
UPDATE T_POINT_MASTER SET POINT = '5' WHERE CATEGORY = '050600' AND ACTION_TYPE = 'WRITE' AND USER_TYPE = 'B';
-- 언니들의 편지 쓰기
UPDATE T_POINT_MASTER SET POINT = '500' WHERE CATEGORY = '050800' AND ACTION_TYPE = 'WRITE' AND USER_TYPE = 'A';
UPDATE T_POINT_MASTER SET POINT = '500' WHERE CATEGORY = '050800' AND ACTION_TYPE = 'WRITE' AND USER_TYPE = 'M';
UPDATE T_POINT_MASTER SET POINT = '500' WHERE CATEGORY = '050800' AND ACTION_TYPE = 'WRITE' AND USER_TYPE = 'W';

-- 후기 삭제
UPDATE T_POINT_MASTER SET POINT = '-500' WHERE CATEGORY = '040100' AND ACTION_TYPE = 'DELETE' AND USER_TYPE = 'P';
UPDATE T_POINT_MASTER SET POINT = '-500' WHERE CATEGORY = '040100' AND ACTION_TYPE = 'DELETE' AND USER_TYPE = 'A';
UPDATE T_POINT_MASTER SET POINT = '-500' WHERE CATEGORY = '040100' AND ACTION_TYPE = 'DELETE' AND USER_TYPE = 'M';
UPDATE T_POINT_MASTER SET POINT = '-500' WHERE CATEGORY = '040200' AND ACTION_TYPE = 'DELETE' AND USER_TYPE = 'P';
UPDATE T_POINT_MASTER SET POINT = '-500' WHERE CATEGORY = '040200' AND ACTION_TYPE = 'DELETE' AND USER_TYPE = 'A';
UPDATE T_POINT_MASTER SET POINT = '-500' WHERE CATEGORY = '040200' AND ACTION_TYPE = 'DELETE' AND USER_TYPE = 'M';
UPDATE T_POINT_MASTER SET POINT = '-500' WHERE CATEGORY = '040300' AND ACTION_TYPE = 'DELETE' AND USER_TYPE = 'P';
UPDATE T_POINT_MASTER SET POINT = '-500' WHERE CATEGORY = '040300' AND ACTION_TYPE = 'DELETE' AND USER_TYPE = 'A';
UPDATE T_POINT_MASTER SET POINT = '-500' WHERE CATEGORY = '040300' AND ACTION_TYPE = 'DELETE' AND USER_TYPE = 'M';
UPDATE T_POINT_MASTER SET POINT = '-500' WHERE CATEGORY = '040400' AND ACTION_TYPE = 'DELETE' AND USER_TYPE = 'P';
UPDATE T_POINT_MASTER SET POINT = '-500' WHERE CATEGORY = '040400' AND ACTION_TYPE = 'DELETE' AND USER_TYPE = 'A';
UPDATE T_POINT_MASTER SET POINT = '-500' WHERE CATEGORY = '040400' AND ACTION_TYPE = 'DELETE' AND USER_TYPE = 'M';
UPDATE T_POINT_MASTER SET POINT = '-500' WHERE CATEGORY = '040500' AND ACTION_TYPE = 'DELETE' AND USER_TYPE = 'P';
UPDATE T_POINT_MASTER SET POINT = '-500' WHERE CATEGORY = '040500' AND ACTION_TYPE = 'DELETE' AND USER_TYPE = 'A';
UPDATE T_POINT_MASTER SET POINT = '-500' WHERE CATEGORY = '040500' AND ACTION_TYPE = 'DELETE' AND USER_TYPE = 'M';
UPDATE T_POINT_MASTER SET POINT = '-500' WHERE CATEGORY = '040600' AND ACTION_TYPE = 'DELETE' AND USER_TYPE = 'P';
UPDATE T_POINT_MASTER SET POINT = '-500' WHERE CATEGORY = '040600' AND ACTION_TYPE = 'DELETE' AND USER_TYPE = 'A';
UPDATE T_POINT_MASTER SET POINT = '-500' WHERE CATEGORY = '040600' AND ACTION_TYPE = 'DELETE' AND USER_TYPE = 'M';
UPDATE T_POINT_MASTER SET POINT = '-500' WHERE CATEGORY = '040700' AND ACTION_TYPE = 'DELETE' AND USER_TYPE = 'P';
UPDATE T_POINT_MASTER SET POINT = '-500' WHERE CATEGORY = '040700' AND ACTION_TYPE = 'DELETE' AND USER_TYPE = 'A';
UPDATE T_POINT_MASTER SET POINT = '-500' WHERE CATEGORY = '040700' AND ACTION_TYPE = 'DELETE' AND USER_TYPE = 'M';
UPDATE T_POINT_MASTER SET POINT = '-500' WHERE CATEGORY = '040800' AND ACTION_TYPE = 'DELETE' AND USER_TYPE = 'P';
UPDATE T_POINT_MASTER SET POINT = '-500' WHERE CATEGORY = '040800' AND ACTION_TYPE = 'DELETE' AND USER_TYPE = 'A';
UPDATE T_POINT_MASTER SET POINT = '-500' WHERE CATEGORY = '040800' AND ACTION_TYPE = 'DELETE' AND USER_TYPE = 'M';
UPDATE T_POINT_MASTER SET POINT = '-500' WHERE CATEGORY = '040900' AND ACTION_TYPE = 'DELETE' AND USER_TYPE = 'P';
UPDATE T_POINT_MASTER SET POINT = '-500' WHERE CATEGORY = '040900' AND ACTION_TYPE = 'DELETE' AND USER_TYPE = 'A';
UPDATE T_POINT_MASTER SET POINT = '-500' WHERE CATEGORY = '040900' AND ACTION_TYPE = 'DELETE' AND USER_TYPE = 'M';
-- 자게 삭제
UPDATE T_POINT_MASTER SET POINT = '-10' WHERE CATEGORY = '050100' AND ACTION_TYPE = 'DELETE' AND USER_TYPE = 'P';
UPDATE T_POINT_MASTER SET POINT = '-10' WHERE CATEGORY = '050100' AND ACTION_TYPE = 'DELETE' AND USER_TYPE = 'A';
UPDATE T_POINT_MASTER SET POINT = '-10' WHERE CATEGORY = '050100' AND ACTION_TYPE = 'DELETE' AND USER_TYPE = 'M';
UPDATE T_POINT_MASTER SET POINT = '-10' WHERE CATEGORY = '050100' AND ACTION_TYPE = 'DELETE' AND USER_TYPE = 'W';
UPDATE T_POINT_MASTER SET POINT = '-10' WHERE CATEGORY = '050100' AND ACTION_TYPE = 'DELETE' AND USER_TYPE = 'B';
-- 유머 삭제
UPDATE T_POINT_MASTER SET POINT = '-5' WHERE CATEGORY = '050200' AND ACTION_TYPE = 'DELETE' AND USER_TYPE = 'P';
UPDATE T_POINT_MASTER SET POINT = '-5' WHERE CATEGORY = '050200' AND ACTION_TYPE = 'DELETE' AND USER_TYPE = 'A';
UPDATE T_POINT_MASTER SET POINT = '-5' WHERE CATEGORY = '050200' AND ACTION_TYPE = 'DELETE' AND USER_TYPE = 'M';
UPDATE T_POINT_MASTER SET POINT = '-5' WHERE CATEGORY = '050200' AND ACTION_TYPE = 'DELETE' AND USER_TYPE = 'W';
UPDATE T_POINT_MASTER SET POINT = '-5' WHERE CATEGORY = '050200' AND ACTION_TYPE = 'DELETE' AND USER_TYPE = 'B';
-- 은꼴 삭제
UPDATE T_POINT_MASTER SET POINT = '-5' WHERE CATEGORY = '050300' AND ACTION_TYPE = 'DELETE' AND USER_TYPE = 'P';
UPDATE T_POINT_MASTER SET POINT = '-5' WHERE CATEGORY = '050300' AND ACTION_TYPE = 'DELETE' AND USER_TYPE = 'A';
UPDATE T_POINT_MASTER SET POINT = '-5' WHERE CATEGORY = '050300' AND ACTION_TYPE = 'DELETE' AND USER_TYPE = 'M';
UPDATE T_POINT_MASTER SET POINT = '-5' WHERE CATEGORY = '050300' AND ACTION_TYPE = 'DELETE' AND USER_TYPE = 'W';
UPDATE T_POINT_MASTER SET POINT = '-5' WHERE CATEGORY = '050300' AND ACTION_TYPE = 'DELETE' AND USER_TYPE = 'B';
-- 미공개실사 삭제
UPDATE T_POINT_MASTER SET POINT = '-100' WHERE CATEGORY = '050400' AND ACTION_TYPE = 'DELETE' AND USER_TYPE = 'P';
UPDATE T_POINT_MASTER SET POINT = '-100' WHERE CATEGORY = '050400' AND ACTION_TYPE = 'DELETE' AND USER_TYPE = 'A';
UPDATE T_POINT_MASTER SET POINT = '-100' WHERE CATEGORY = '050400' AND ACTION_TYPE = 'DELETE' AND USER_TYPE = 'M';
UPDATE T_POINT_MASTER SET POINT = '-100' WHERE CATEGORY = '050400' AND ACTION_TYPE = 'DELETE' AND USER_TYPE = 'W';
UPDATE T_POINT_MASTER SET POINT = '-100' WHERE CATEGORY = '050400' AND ACTION_TYPE = 'DELETE' AND USER_TYPE = 'B';
-- 질문/답변 삭제
UPDATE T_POINT_MASTER SET POINT = '-5' WHERE CATEGORY = '050500' AND ACTION_TYPE = 'DELETE' AND USER_TYPE = 'P';
UPDATE T_POINT_MASTER SET POINT = '-5' WHERE CATEGORY = '050500' AND ACTION_TYPE = 'DELETE' AND USER_TYPE = 'A';
UPDATE T_POINT_MASTER SET POINT = '-5' WHERE CATEGORY = '050500' AND ACTION_TYPE = 'DELETE' AND USER_TYPE = 'M';
UPDATE T_POINT_MASTER SET POINT = '-5' WHERE CATEGORY = '050500' AND ACTION_TYPE = 'DELETE' AND USER_TYPE = 'W';
UPDATE T_POINT_MASTER SET POINT = '-5' WHERE CATEGORY = '050500' AND ACTION_TYPE = 'DELETE' AND USER_TYPE = 'B';
-- 언니이동정보 삭제
UPDATE T_POINT_MASTER SET POINT = '-5' WHERE CATEGORY = '050600' AND ACTION_TYPE = 'DELETE' AND USER_TYPE = 'P';
UPDATE T_POINT_MASTER SET POINT = '-5' WHERE CATEGORY = '050600' AND ACTION_TYPE = 'DELETE' AND USER_TYPE = 'A';
UPDATE T_POINT_MASTER SET POINT = '-5' WHERE CATEGORY = '050600' AND ACTION_TYPE = 'DELETE' AND USER_TYPE = 'M';
UPDATE T_POINT_MASTER SET POINT = '-5' WHERE CATEGORY = '050600' AND ACTION_TYPE = 'DELETE' AND USER_TYPE = 'W';
UPDATE T_POINT_MASTER SET POINT = '-5' WHERE CATEGORY = '050600' AND ACTION_TYPE = 'DELETE' AND USER_TYPE = 'B';
-- 언니들의 편지 삭제
UPDATE T_POINT_MASTER SET POINT = '-500' WHERE CATEGORY = '050800' AND ACTION_TYPE = 'DELETE' AND USER_TYPE = 'A';
UPDATE T_POINT_MASTER SET POINT = '-500' WHERE CATEGORY = '050800' AND ACTION_TYPE = 'DELETE' AND USER_TYPE = 'M';
UPDATE T_POINT_MASTER SET POINT = '-500' WHERE CATEGORY = '050800' AND ACTION_TYPE = 'DELETE' AND USER_TYPE = 'W';

COMMIT;
